<students>
   <student>
      <name>Kaju Katli</name>
      <age>21</age>
      <course>B.Tech</course>
   </student>
   <student>
      <name>Frieren Gonzalves</name>
      <age>22</age>
      <course>MBA</course>
   </student>
   <student>
      <name>Stark Jones</name>
      <age>20</age>
      <course>B.Sc</course>
   </student>
   <student>
      <name>Fern Stokes</name>
      <age>23</age>
      <course>MCA</course>
   </student>
   <student>
      <name>Mango Barfi</name>
      <age>24</age>
      <course>M.Tech</course>
   </student>
</students>
